{
   "redshift": [0.2038754949680942,0.4396641734861283,1.546993370585049,1.6708384892008887,1.6778857316070677,1.702040724920014,2.0418751397599966,2.9489266093242246,2.953005790569175,2.9860050334331976,3.030345541949446,3.9109078896947467,4.78525963782338,5.675310681142508,6.157698655324268],
   "dLobs": [0.9973479941207404,2.391337791340394,10.804560247714772,12.724806457146624,13.157249685177666,12.456628330105044,16.19299585677514,27.552776829211496,24.94812035525647,21.73306547023548,24.14217228572887,31.941566552107346,47.42467612412258,58.96651922521995,78.23711970018232],
   "error": [0.011403328052523299,0.02511570986661158,0.42843970323623926,0.5107135517816915,0.5156167032004003,0.5326028404656467,1.1955161147369384,2.1585232894046125,2.163676184123924,2.2056285915204703,2.2627470559681755,3.5717163888271806,5.191650570689001,7.159404028477212,8.358615565263154]
}
