{
    "z": [0.07,0.09,0.12,0.17,0.179,0.199,0.2,0.27,0.28,0.352,0.38,0.4,0.4004,0.425,0.445,0.47,0.4783,0.48,0.593,0.68,0.75,0.781,0.875,0.88,0.9,1.037,1.3,1.363,1.43,1.53,1.75,1.965],
    "H": [69,69,68.6,83,75,75,72.9,77,88.8,83,83,95,77,87.1,92.8,89,80.9,97,104,92,98.8,105,125,90,117,154,168,160,177,140,202,186.5],
    "error": [19.6,12,26.2,8,4,5,29.6,14,36.6,14,13.5,17,10.2,11.2,12.9,49.6,9,62,13,8,33.6,12,17,40,23,20,17,33.6,18,14,40,50.4],
    "name": [0,1,2,3,4,5,6,7,8,9,10,11,12,13,14,15,16,17,18,19,20,21,22,23,24,25,26,27,28,29,30,31,32,33,34,35,36,37,38,39],
    "zcmb": [0.014,0.0194,0.0264,0.0329,0.0396,0.0475,0.056,0.064,0.0721,0.0811,0.0889,0.1001,0.1071,0.1195,0.1278,0.1396,0.1519,0.1635,0.1778,0.1906,0.2067,0.2216,0.2405,0.2558,0.2762,0.2972,0.3215,0.3453,0.3708,0.4049,0.4355,0.4738,0.5174,0.5742,0.6299,0.724,0.821,0.9511,1.2336,1.6123],
    "zhel": [0.014,0.0194,0.0264,0.0329,0.0396,0.0475,0.056,0.064,0.0721,0.0811,0.0889,0.1001,0.1071,0.1195,0.1278,0.1396,0.1519,0.1635,0.1778,0.1906,0.2067,0.2216,0.2405,0.2558,0.2762,0.2972,0.3215,0.3453,0.3708,0.4049,0.4355,0.4738,0.5174,0.5742,0.6299,0.724,0.821,0.9511,1.2336,1.6123],
    "dz": [0,0,0,0,0,0,0,0,0,0,0,0,0,0,0,0,0,0,0,0,0,0,0,0,0,0,0,0,0,0,0,0,0,0,0,0,0,0,0,0],
    "mb": [14.57001926,15.2279603507,15.934102317,16.4217829558,16.836418956,17.2346439906,17.5758459622,17.9104543501,18.1780074589,18.5543855764,18.7006554037,19.0388242428,19.1720185353,19.3711295152,19.5555026238,19.8185930766,19.9445025196,20.0642537602,20.3389008923,20.5047456137,20.6854007995,20.8610322507,21.0518440051,21.2037930719,21.3636137766,21.5790014334,21.813277279,21.9665751024,22.1428940056,22.3799192408,22.5579272526,22.797376642,23.0011594448,23.3004345026,23.5036280324,23.8666293039,24.2445519795,24.6411323707,25.3039940191,25.9259729107],
    "dmb": [0.0311,0.02645,0.0231,0.0235,0.02845,0.0334,0.03215,0.0439,0.03865,0.04225,0.03635,0.03515,0.03355,0.026,0.02635,0.02335,0.0237,0.02585,0.01965,0.02205,0.0214,0.0233,0.0222,0.02025,0.0221,0.0216,0.0214,0.0234,0.02145,0.03225,0.0254,0.02935,0.02685,0.0245,0.031,0.027,0.0248,0.0276,0.05635,0.0735],
    "Baoz":     [0.32, 0.44, 0.57, 0.60, 0.73, 1.52],
    "dv":    [1270, 1716, 2033, 2221, 2516, 3843],
    "dverror": [14  , 68  , 21  , 76  , 78  , 147 ]

}